search_name,norm,naissances
Jason,jason,15365.0
Teddy,teddy,9705.0
Brandon,brandon,9380.0
Jessy,jessy,8600.0
Marvin,marvin,8290.0
Charly,charly,7520.0
Yoan,yoan,7380.0
Karim,karim,7320.0
Cécilia,cecilia,6915.0
Eric,eric,6655.0
Yannick,yannick,6470.0
Tatiana,tatiana,6195.0
Andy,andy,6155.0
Rudy,rudy,6140.0
Bruno,bruno,5885.0
Brian,brian,5720.0
Nolan,nolan,5720.0
Pierrick,pierrick,5635.0
Gwenaelle,gwenaelle,5545.0
Lenny,lenny,5445.0
Angelina,angelina,5410.0
Antony,antony,5355.0
Eddy,eddy,5310.0
Steve,steve,5295.0
Linda,linda,5175.0
Kimberley,kimberley,5085.0
Ali,ali,5060.0
Michel,michel,5010.0
Melody,melody,4935.0
Sandrine,sandrine,4935.0
Nadia,nadia,4930.0
Nathalie,nathalie,4810.0
Younes,younes,4770.0
Ronan,ronan,4770.0
Sophia,sophia,4755.0
Rebecca,rebecca,4730.0
Donovan,donovan,4695.0
Hamza,hamza,4620.0
Maximilien,maximilien,4620.0
Youssef,youssef,4595.0
Samir,samir,4550.0
Priscillia,priscillia,4500.0
Nabil,nabil,4480.0
Annabelle,annabelle,4460.0
Priscilla,priscilla,4440.0
Stanislas,stanislas,4350.0
Dounia,dounia,4345.0
Kenny,kenny,4325.0
Stacy,stacy,4280.0
Mike,mike,4260.0
Stella,stella,4215.0
Manuel,manuel,4170.0
Fatima,fatima,4150.0
Ibrahim,ibrahim,4095.0
Ahmed,ahmed,4090.0
Nora,nora,4075.0
Emeric,emeric,4075.0
Ismael,ismael,4070.0
Prescillia,prescillia,4070.0
Ornella,ornella,4050.0
Lucien,lucien,4020.0
Aurelia,aurelia,3995.0
Loïs,lois,3990.0
Kyllian,kyllian,3970.0
Richard,richard,3960.0
Boris,boris,3950.0
Anne-Laure,anne-laure,3935.0
Helena,helena,3895.0
Diego,diego,3895.0
Elisabeth,elisabeth,3880.0
Denis,denis,3875.0
Lindsay,lindsay,3860.0
Johann,johann,3855.0
Karine,karine,3855.0
Cyprien,cyprien,3845.0
Dany,dany,3845.0
Lydie,lydie,3840.0
Dorine,dorine,3805.0
Charlie,charlie,3805.0
Sofian,sofian,3795.0
Sullivan,sullivan,3775.0
Henri,henri,3760.0
Lionel,lionel,3755.0
Joffrey,joffrey,3755.0
Amélia,amelia,3755.0
Loane,loane,3755.0
Zakaria,zakaria,3735.0
Renaud,renaud,3715.0
Max,max,3710.0
Ingrid,ingrid,3700.0
Joanna,joanna,3690.0
Magali,magali,3670.0
Florentin,florentin,3665.0
Naomi,naomi,3660.0
Ruben,ruben,3630.0
Joshua,joshua,3620.0
Farah,farah,3595.0
Lydia,lydia,3590.0
Nathanael,nathanael,3560.0
Flore,flore,3555.0
Melinda,melinda,3530.0
Vivien,vivien,3505.0
Roman,roman,3470.0
James,james,3465.0
Fabrice,fabrice,3445.0
Claudia,claudia,3440.0
Brenda,brenda,3430.0
Christian,christian,3425.0
Giovanni,giovanni,3425.0
Ilyes,ilyes,3405.0
Pierre-Louis,pierre-louis,3395.0
Johnny,johnny,3395.0
Lukas,lukas,3390.0
Patrick,patrick,3375.0
Severine,severine,3350.0
Malik,malik,3345.0
Adel,adel,3340.0
Basile,basile,3340.0
Wilfried,wilfried,3335.0
Anastasia,anastasia,3325.0
Lolita,lolita,3325.0
Gwendal,gwendal,3325.0
Raphaelle,raphaelle,3320.0
Samia,samia,3315.0
John,john,3265.0
Nawel,nawel,3255.0
Fatoumata,fatoumata,3235.0
Yasmina,yasmina,3235.0
Chaima,chaima,3210.0
Laury,laury,3200.0
Lana,lana,3195.0
Madison,madison,3190.0
Angeline,angeline,3180.0
Kassandra,kassandra,3170.0
Guilhem,guilhem,3155.0
Erwann,erwann,3150.0
Karen,karen,3095.0
Thierry,thierry,3065.0
Anis,anis,3035.0
Hadrien,hadrien,3025.0
Pascal,pascal,3020.0
Katia,katia,3015.0
Tracy,tracy,3010.0
Laureen,laureen,3010.0
Nadege,nadege,2995.0
Romuald,romuald,2990.0
Camélia,camelia,2985.0
Jacques,jacques,2975.0
Nelly,nelly,2960.0
Bertrand,bertrand,2960.0
Catherine,catherine,2960.0
Soraya,soraya,2955.0
Albane,albane,2950.0
Mallaury,mallaury,2940.0
Rodolphe,rodolphe,2925.0
Jonas,jonas,2925.0
Tommy,tommy,2925.0
Alisson,alisson,2915.0
Fabio,fabio,2910.0
Solenn,solenn,2900.0
Maylis,maylis,2880.0
Daphné,daphne,2875.0
Mikael,mikael,2875.0
Agnès,agnes,2860.0
Lucy,lucy,2855.0
Nelson,nelson,2835.0
Sirine,sirine,2830.0
Thais,thais,2825.0
Allison,allison,2825.0
Selma,selma,2825.0
Davy,davy,2800.0
Colin,colin,2785.0
Mandy,mandy,2770.0
Hakim,hakim,2770.0
Diana,diana,2770.0
Yvan,yvan,2765.0
Mariam,mariam,2765.0
Cathy,cathy,2740.0
Louison,louison,2725.0
Séréna,serena,2715.0
Eden,eden,2715.0
Joël,joel,2700.0
Alain,alain,2700.0
Bilel,bilel,2700.0
Shana,shana,2690.0
Erika,erika,2685.0
Jordy,jordy,2675.0
Moussa,moussa,2675.0
Virgile,virgile,2670.0
Magalie,magalie,2665.0
Ilan,ilan,2660.0
Miguel,miguel,2660.0
Kathleen,kathleen,2640.0
Benedicte,benedicte,2640.0
Salim,salim,2625.0
Maya,maya,2625.0
Violette,violette,2620.0
Naomie,naomie,2610.0
Alexy,alexy,2605.0
Lilia,lilia,2605.0
Kim,kim,2605.0
Marco,marco,2595.0
Karl,karl,2590.0
Amanda,amanda,2590.0
Elliot,elliot,2590.0
Clothilde,clothilde,2575.0
Angelo,angelo,2560.0
Jean-François,jean-francois,2545.0
Maiwenn,maiwenn,2540.0
Rafael,rafael,2540.0
Sana,sana,2520.0
Jean-Philippe,jean-philippe,2520.0
Asma,asma,2515.0
Aminata,aminata,2510.0
Elina,elina,2505.0
Lauren,lauren,2505.0
Hortense,hortense,2505.0
Joachim,joachim,2505.0
Tania,tania,2500.0
Omar,omar,2500.0
Suzanne,suzanne,2500.0
Valérie,valerie,2495.0
Sasha,sasha,2475.0
Matis,matis,2475.0
Tess,tess,2470.0
Gladys,gladys,2465.0
Annaelle,annaelle,2460.0
Tessa,tessa,2460.0
Nils,nils,2440.0
Fares,fares,2435.0
André,andre,2435.0
Typhaine,typhaine,2435.0
Adelaide,adelaide,2425.0
Ulysse,ulysse,2425.0
Tiphanie,tiphanie,2420.0
Louisa,louisa,2420.0
Marwan,marwan,2420.0
Luka,luka,2390.0
Noam,noam,2390.0
Lou-Ann,lou-ann,2390.0
Ewan,ewan,2385.0
Marin,marin,2385.0
Elouan,elouan,2385.0
Ariane,ariane,2385.0
Steeve,steeve,2370.0
Rania,rania,2360.0
Josselin,josselin,2355.0
Steeven,steeven,2350.0
Hugues,hugues,2325.0
Sabri,sabri,2325.0
Aicha,aicha,2320.0
Nino,nino,2320.0
Marc-Antoine,marc-antoine,2315.0
Adrian,adrian,2295.0
Leonard,leonard,2270.0
Léon,leon,2265.0
Willy,willy,2260.0
Emmy,emmy,2250.0
Alexane,alexane,2250.0
Samira,samira,2245.0
Reda,reda,2245.0
Ségolène,segolene,2245.0
Melvyn,melvyn,2245.0
Victorien,victorien,2240.0
Paloma,paloma,2240.0
Malika,malika,2235.0
Mamadou,mamadou,2230.0
Jessie,jessie,2230.0
Hicham,hicham,2230.0
Jasmine,jasmine,2225.0
Sam,sam,2220.0
Stephen,stephen,2210.0
Yassin,yassin,2205.0
Clelia,clelia,2200.0
Joan,joan,2200.0
Marjolaine,marjolaine,2200.0
Betty,betty,2190.0
Brahim,brahim,2185.0
Wassim,wassim,2180.0
Kenzo,kenzo,2170.0
Gilles,gilles,2170.0
Jordane,jordane,2165.0
Edgar,edgar,2160.0
Judith,judith,2160.0
Jocelyn,jocelyn,2155.0
Solenne,solenne,2150.0
Nour,nour,2145.0
Come,come,2145.0
Ivan,ivan,2135.0
Dominique,dominique,2135.0
Paola,paola,2130.0
Maude,maude,2130.0
Hippolyte,hippolyte,2130.0
Léandre,leandre,2120.0
Sephora,sephora,2115.0
Gwladys,gwladys,2105.0
Kamel,kamel,2105.0
Mario,mario,2095.0
Chris,chris,2095.0
Honorine,honorine,2090.0
Shirley,shirley,2090.0
Mona,mona,2085.0
Leopold,leopold,2085.0
Maurine,maurine,2085.0
Selim,selim,2080.0
Carine,carine,2075.0
Sixtine,sixtine,2070.0
Isaac,isaac,2055.0
Aubin,aubin,2050.0
Sylvie,sylvie,2045.0
Angela,angela,2040.0
Pierre-Antoine,pierre-antoine,2040.0
Mathilda,mathilda,2040.0
Yael,yael,2035.0
Swann,swann,2035.0
Bertille,bertille,2030.0
Idriss,idriss,2015.0
Lorine,lorine,2015.0
Ismail,ismail,2015.0
Amira,amira,2010.0
Siham,siham,2010.0
Loick,loick,2005.0
Nancy,nancy,2005.0
Geoffroy,geoffroy,2000.0
Safia,safia,1990.0
Tamara,tamara,1985.0
Christina,christina,1980.0
Roméo,romeo,1975.0
Alycia,alycia,1970.0
Romaric,romaric,1965.0
Eline,eline,1960.0
Owen,owen,1955.0
Orane,orane,1950.0
Joana,joana,1930.0
Wesley,wesley,1920.0
Christine,christine,1920.0
Angel,angel,1910.0
Dan,dan,1910.0
Joy,joy,1905.0
Rodrigue,rodrigue,1905.0
Soline,soline,1900.0
Cesar,cesar,1900.0
Mohammed,mohammed,1895.0
Marylou,marylou,1895.0
Amir,amir,1895.0
Marilou,marilou,1890.0
Manuella,manuella,1885.0
Alyssia,alyssia,1875.0
Lorie,lorie,1875.0
Ilies,ilies,1870.0
Ashley,ashley,1870.0
Jean-Christophe,jean-christophe,1870.0
Terry,terry,1855.0
Sabine,sabine,1850.0
Calvin,calvin,1850.0
Anatole,anatole,1845.0
Anne-Lise,anne-lise,1845.0
Ana,ana,1840.0
Jeffrey,jeffrey,1835.0
Manel,manel,1830.0
Laurianne,laurianne,1830.0
Matthis,matthis,1820.0
Madeleine,madeleine,1820.0
Manuela,manuela,1820.0
Aaron,aaron,1820.0
Béatrice,beatrice,1815.0
Blanche,blanche,1815.0
Madeline,madeline,1815.0
Laurence,laurence,1810.0
José,jose,1805.0
Anas,anas,1805.0
Driss,driss,1805.0
Nadir,nadir,1800.0
Loriane,loriane,1795.0
Rachid,rachid,1795.0
Ange,ange,1795.0
Brayan,brayan,1795.0
Yousra,yousra,1785.0
Tim,tim,1785.0
Gianni,gianni,1780.0
Nesrine,nesrine,1780.0
Eloi,eloi,1775.0
Medhi,medhi,1770.0
Iman,iman,1770.0
Emre,emre,1765.0
Pamela,pamela,1760.0
Jenny,jenny,1760.0
Cleo,cleo,1760.0
Hervé,herve,1760.0
Said,said,1755.0
Marguerite,marguerite,1755.0
Ilias,ilias,1750.0
Lorene,lorene,1745.0
Elora,elora,1745.0
Joey,joey,1745.0
Patricia,patricia,1745.0
Lili,lili,1735.0
Warren,warren,1735.0
Imene,imene,1730.0
Martial,martial,1730.0
Gary,gary,1730.0
Khadija,khadija,1725.0
Celeste,celeste,1725.0
Amin,amin,1720.0
Stessy,stessy,1720.0
Soufiane,soufiane,1720.0
Mounir,mounir,1715.0
Cyrille,cyrille,1715.0
Alois,alois,1710.0
Maryne,maryne,1710.0
Hanna,hanna,1705.0
Alyson,alyson,1705.0
Oussama,oussama,1705.0
Hajar,hajar,1700.0
Cheyenne,cheyenne,1695.0
Germain,germain,1690.0
Fabian,fabian,1690.0
Violaine,violaine,1685.0
Roxanne,roxanne,1680.0
Edwin,edwin,1670.0
Milan,milan,1665.0
Loubna,loubna,1665.0
Emelyne,emelyne,1665.0
Jean-Charles,jean-charles,1660.0
Hawa,hawa,1655.0
Vianney,vianney,1655.0
Victorine,victorine,1645.0
Imen,imen,1645.0
Aya,aya,1645.0
Naima,naima,1645.0
Naim,naim,1635.0
Johana,johana,1630.0
Adil,adil,1630.0
Emily,emily,1630.0
Marceau,marceau,1625.0
Mary,mary,1620.0
Karima,karima,1615.0
Lyna,lyna,1605.0
Selena,selena,1605.0
Elia,elia,1605.0
Maissa,maissa,1605.0
Maryam,maryam,1605.0
Sonny,sonny,1600.0
Theodore,theodore,1600.0
Nael,nael,1600.0
Georges,georges,1575.0
Pierre-Alexandre,pierre-alexandre,1570.0
Line,line,1570.0
Lorraine,lorraine,1570.0
Achille,achille,1565.0
Ella,ella,1565.0
Gwenael,gwenael,1560.0
Malvina,malvina,1555.0
Louanne,louanne,1555.0
Donia,donia,1545.0
Carl,carl,1540.0
Mila,mila,1540.0
Kahina,kahina,1535.0
Paolo,paolo,1535.0
Hannah,hannah,1535.0
Pierre-Yves,pierre-yves,1530.0
Ryad,ryad,1530.0
Jennyfer,jennyfer,1530.0
Marie-Charlotte,marie-charlotte,1525.0
Ombeline,ombeline,1525.0
Maryline,maryline,1510.0
Zelie,zelie,1510.0
Farid,farid,1505.0
Antonio,antonio,1505.0
Adem,adem,1505.0
Ghislain,ghislain,1505.0
Marwa,marwa,1500.0
Ilyas,ilyas,1500.0
Marie-Lou,marie-lou,1500.0
Andrew,andrew,1500.0
Zacharie,zacharie,1500.0
Abel,abel,1500.0
Leny,leny,1500.0
Noelie,noelie,1500.0
Maurane,maurane,1500.0
Lauryn,lauryn,1500.0
Alexiane,alexiane,1495.0
Abdelkader,abdelkader,1495.0
Matthew,matthew,1495.0
Mina,mina,1490.0
Laurane,laurane,1485.0
Alienor,alienor,1480.0
Yves,yves,1475.0
Ema,ema,1475.0
Kelian,kelian,1475.0
Claude,claude,1475.0
Djibril,djibril,1470.0
Lorena,lorena,1470.0
Megan,megan,1470.0
Thea,thea,1460.0
Clovis,clovis,1455.0
Domitille,domitille,1455.0
Rosalie,rosalie,1455.0
Frédérique,frederique,1445.0
Marie-Laure,marie-laure,1445.0
Geraldine,geraldine,1440.0
Sharon,sharon,1435.0
Shannon,shannon,1430.0
Prisca,prisca,1430.0
Issam,issam,1425.0
Armelle,armelle,1425.0
Anne-Charlotte,anne-charlotte,1425.0
Marie-Amélie,marie-amelie,1420.0
Meryl,meryl,1420.0
Josue,josue,1420.0
Stecy,stecy,1410.0
Juline,juline,1410.0
Mae,mae,1410.0
Edwige,edwige,1405.0
Meriem,meriem,1400.0
Fleur,fleur,1400.0
Matisse,matisse,1400.0
Malaury,malaury,1395.0
Penelope,penelope,1395.0
Juliana,juliana,1390.0
Emy,emy,1390.0
Patrice,patrice,1390.0
Luigi,luigi,1390.0
Peter,peter,1385.0
Lamia,lamia,1385.0
Jawad,jawad,1375.0
Tina,tina,1375.0
Maite,maite,1370.0
Ilana,ilana,1365.0
Didier,didier,1360.0
Youri,youri,1360.0
Hanane,hanane,1360.0
Mehmet,mehmet,1360.0
Ludwig,ludwig,1355.0
Romy,romy,1355.0
Tiffanie,tiffanie,1355.0
Nais,nais,1350.0
Fatma,fatma,1340.0
Mourad,mourad,1335.0
Jarod,jarod,1335.0
Ameline,ameline,1335.0
Grace,grace,1325.0
Yoni,yoni,1320.0
Francis,francis,1320.0
Milena,milena,1320.0
Mallory,mallory,1320.0
Berengere,berengere,1315.0
Maia,maia,1315.0
Jean-Michel,jean-michel,1310.0
Mikail,mikail,1310.0
Anael,anael,1305.0
Charlyne,charlyne,1300.0
Dina,dina,1300.0
Yasin,yasin,1295.0
Laureline,laureline,1295.0
Hedi,hedi,1295.0
Mustafa,mustafa,1285.0
Marwane,marwane,1285.0
Sahra,sahra,1285.0
Regis,regis,1285.0
Youcef,youcef,1285.0
Liza,liza,1280.0
Pascaline,pascaline,1280.0
Loann,loann,1275.0
Matthéo,mattheo,1275.0
Hubert,hubert,1270.0
Kais,kais,1270.0
Andreas,andreas,1270.0
Terence,terence,1265.0
Halima,halima,1265.0
Marielle,marielle,1255.0
Joyce,joyce,1250.0
François-Xavier,francois-xavier,1250.0
Tara,tara,1245.0
Celian,celian,1240.0
Louka,louka,1235.0
Nordine,nordine,1235.0
Nawal,nawal,1235.0
Stanley,stanley,1235.0
Nassima,nassima,1230.0
Paco,paco,1230.0
Soukaina,soukaina,1230.0
Anne-Claire,anne-claire,1230.0
Yan,yan,1225.0
Hector,hector,1225.0
Brieuc,brieuc,1225.0
Salima,salima,1225.0
Tifany,tifany,1220.0
Flavio,flavio,1220.0
Orianne,orianne,1220.0
Freddy,freddy,1220.0
Angie,angie,1220.0
Alexandrine,alexandrine,1210.0
Ilian,ilian,1210.0
Wilson,wilson,1205.0
Evann,evann,1200.0
Jean-Marc,jean-marc,1200.0
Lysa,lysa,1200.0
Timeo,timeo,1195.0
Brendan,brendan,1195.0
Luis,luis,1190.0
Merve,merve,1190.0
Valerian,valerian,1185.0
Adriana,adriana,1185.0
Joe,joe,1185.0
Prescilia,prescilia,1180.0
Cameron,cameron,1175.0
Eglantine,eglantine,1175.0
Johanne,johanne,1175.0
Véronique,veronique,1175.0
Landry,landry,1175.0
Belinda,belinda,1170.0
Jodie,jodie,1170.0
Mattis,mattis,1170.0
Niels,niels,1170.0
Ambroise,ambroise,1170.0
Jean-Pierre,jean-pierre,1165.0
Juliane,juliane,1160.0
Mahamadou,mahamadou,1160.0
Tarik,tarik,1155.0
Billy,billy,1155.0
Yamina,yamina,1155.0
Marouane,marouane,1155.0
Constant,constant,1150.0
Redouane,redouane,1150.0
Mohamed-Amine,mohamed-amine,1145.0
Sidonie,sidonie,1145.0
Carmen,carmen,1140.0
Amal,amal,1140.0
Malorie,malorie,1135.0
Laila,laila,1130.0
Aymen,aymen,1130.0
Isaure,isaure,1130.0
Sabrine,sabrine,1125.0
Servane,servane,1125.0
Idris,idris,1120.0
Jayson,jayson,1120.0
Billal,billal,1120.0
Tifenn,tifenn,1120.0
Irène,irene,1115.0
Isaline,isaline,1110.0
Arno,arno,1110.0
Bastian,bastian,1110.0
Adama,adama,1110.0
Kimberly,kimberly,1105.0
Imad,imad,1105.0
Gatien,gatien,1100.0
Fantine,fantine,1100.0
Sullyvan,sullyvan,1100.0
Aymerick,aymerick,1100.0
Fouad,fouad,1100.0
Emerick,emerick,1095.0
Jenna,jenna,1095.0
Yaelle,yaelle,1095.0
Celina,celina,1095.0
Faycal,faycal,1090.0
Nolwen,nolwen,1090.0
Maxim,maxim,1085.0
Elyes,elyes,1085.0
Gurvan,gurvan,1085.0
Paulin,paulin,1085.0
Danny,danny,1085.0
Lesly,lesly,1080.0
Hichem,hichem,1075.0
Anton,anton,1075.0
Jean-Marie,jean-marie,1075.0
Laly,laly,1070.0
Dana,dana,1065.0
Lilas,lilas,1065.0
Erine,erine,1065.0
Elif,elif,1065.0
Eulalie,eulalie,1060.0
Youness,youness,1060.0
Mareva,mareva,1055.0
Ibrahima,ibrahima,1055.0
Rachelle,rachelle,1055.0
Alvin,alvin,1055.0
Hassan,hassan,1050.0
Audric,audric,1040.0
Elio,elio,1040.0
Alessandro,alessandro,1040.0
Oceanne,oceanne,1035.0
Gino,gino,1035.0
Louann,louann,1035.0
Zinedine,zinedine,1035.0
Virgil,virgil,1035.0
Carolane,carolane,1030.0
Nolann,nolann,1030.0
Abdoulaye,abdoulaye,1030.0
Marvyn,marvyn,1030.0
Leanne,leanne,1030.0
Mehdy,mehdy,1025.0
Randy,randy,1025.0
Nell,nell,1020.0
Swan,swan,1015.0
Issa,issa,1015.0
Mounia,mounia,1010.0
Celestine,celestine,1010.0
Ulrich,ulrich,1010.0
Tiago,tiago,1005.0
Mederic,mederic,1000.0
Bradley,bradley,1000.0
Sandro,sandro,1000.0
Harmonie,harmonie,1000.0
Vicky,vicky,1000.0
Sibel,sibel,995.0
Abdallah,abdallah,995.0
Mia,mia,995.0
Lalie,lalie,995.0
Emie,emie,995.0
Yona,yona,995.0
Timothy,timothy,990.0
Selin,selin,990.0
Joanne,joanne,985.0
Loanne,loanne,985.0
Sean,sean,980.0
Lorelei,lorelei,980.0
Esra,esra,980.0
Hind,hind,980.0
Sidney,sidney,980.0
Maeliss,maeliss,980.0
Fatih,fatih,980.0
Mustapha,mustapha,980.0
Celestin,celestin,980.0
Ophelia,ophelia,975.0
Lylou,lylou,975.0
Mahé,mahe,975.0
Zohra,zohra,975.0
Ahmet,ahmet,975.0
Athenais,athenais,970.0
Auguste,auguste,970.0
Prune,prune,970.0
Ilham,ilham,970.0
Yusuf,yusuf,970.0
Gérald,gerald,970.0
Alize,alize,965.0
Malaurie,malaurie,965.0
Elian,elian,965.0
Giulia,giulia,965.0
Anita,anita,965.0
Jolan,jolan,960.0
Dilan,dilan,960.0
Sylvia,sylvia,960.0
Felicia,felicia,960.0
Anouck,anouck,960.0
Ikram,ikram,960.0
Livia,livia,955.0
Adelie,adelie,955.0
Maelis,maelis,955.0
Pierre-Emmanuel,pierre-emmanuel,955.0
Ambrine,ambrine,955.0
Emilia,emilia,950.0
Lyes,lyes,950.0
Melany,melany,950.0
Alexander,alexander,950.0
Awa,awa,950.0
Dimitry,dimitry,945.0
Akim,akim,945.0
Syrine,syrine,945.0
Maela,maela,940.0
Maimouna,maimouna,940.0
Ayman,ayman,930.0
Sihem,sihem,930.0
Nisrine,nisrine,930.0
Shaima,shaima,930.0
El,el,930.0
Riyad,riyad,930.0
Katell,katell,925.0
Hana,hana,925.0
Graziella,graziella,920.0
Moise,moise,920.0
Marlon,marlon,920.0
Thalia,thalia,920.0
Marie-Ange,marie-ange,920.0
Illona,illona,915.0
Yuna,yuna,915.0
Djamel,djamel,915.0
Albert,albert,915.0
Jean-Luc,jean-luc,915.0
Dalila,dalila,915.0
Raissa,raissa,910.0
Sibylle,sibylle,910.0
Jean-Louis,jean-louis,905.0
Octave,octave,905.0
Constantin,constantin,905.0
Milo,milo,905.0
Pierre-Jean,pierre-jean,905.0
Matys,matys,900.0
Francesca,francesca,900.0
Berangere,berangere,900.0
Wissam,wissam,900.0
Vanina,vanina,900.0
Margo,margo,895.0
Enes,enes,895.0
Malory,malory,895.0
Jihane,jihane,895.0
Tarek,tarek,895.0
Laurena,laurena,895.0
Meryem,meryem,895.0
Elies,elies,890.0
Melyssa,melyssa,890.0
Aleyna,aleyna,890.0
Shanna,shanna,885.0
Lynda,lynda,885.0
Wassila,wassila,885.0
Abdel,abdel,885.0
Luana,luana,885.0
Sydney,sydney,875.0
Duncan,duncan,875.0
Ayse,ayse,875.0
Gloria,gloria,875.0
Soizic,soizic,875.0
Alexi,alexi,875.0
Tomy,tomy,870.0
Laeticia,laeticia,870.0
Danae,danae,870.0
Thelma,thelma,870.0
Marilyne,marilyne,865.0
Mariama,mariama,865.0
Zineb,zineb,865.0
Nikita,nikita,860.0
Soumaya,soumaya,860.0
Wissem,wissem,860.0
Florie,florie,860.0
Khalil,khalil,860.0
Jefferson,jefferson,855.0
Bintou,bintou,855.0
Lauranne,lauranne,855.0
Ruddy,ruddy,855.0
Pierre-Marie,pierre-marie,855.0
Sakina,sakina,850.0
Judicael,judicael,850.0
Jean-Paul,jean-paul,850.0
Irina,irina,850.0
Safa,safa,850.0
Muriel,muriel,850.0
Alissa,alissa,850.0
Souad,souad,850.0
Arsene,arsene,850.0
Stan,stan,845.0
Robert,robert,845.0
Henry,henry,845.0
Colleen,colleen,845.0
Achraf,achraf,835.0
Albin,albin,835.0
Ousmane,ousmane,835.0
Aylin,aylin,835.0
Amelle,amelle,835.0
Ivana,ivana,830.0
Serge,serge,830.0
Harmony,harmony,830.0
Malcolm,malcolm,825.0
Melaine,melaine,825.0
Yazid,yazid,825.0
Hermine,hermine,820.0
Fatou,fatou,820.0
Vladimir,vladimir,820.0
Lory,lory,815.0
Leyla,leyla,815.0
Lucia,lucia,815.0
Priscille,priscille,815.0
Faiza,faiza,815.0
Amar,amar,815.0
Lancelot,lancelot,815.0
Solange,solange,810.0
Mouna,mouna,810.0
Fanta,fanta,810.0
Enguerrand,enguerrand,810.0
Igor,igor,810.0
Nabila,nabila,805.0
Doryan,doryan,805.0
Kenan,kenan,805.0
Donatien,donatien,805.0
Shaina,shaina,805.0
Sony,sony,800.0
Perle,perle,800.0
Kamelia,kamelia,800.0
Paula,paula,800.0
Deniz,deniz,800.0
Hakan,hakan,795.0
Malcom,malcom,795.0
Clarence,clarence,795.0
Neil,neil,795.0
Loise,loise,795.0
Maissane,maissane,795.0
Noël,noel,795.0
Nans,nans,795.0
Prescilla,prescilla,790.0
Heidi,heidi,790.0
Suzie,suzie,790.0
Barthelemy,barthelemy,790.0
Iliana,iliana,790.0
Solal,solal,785.0
Meddy,meddy,785.0
Chanel,chanel,785.0
Erwin,erwin,780.0
Amadou,amadou,780.0
Vanille,vanille,780.0
Melissandre,melissandre,775.0
Harold,harold,775.0
Elliott,elliott,775.0
Steffy,steffy,775.0
Soumia,soumia,775.0
Jim,jim,775.0
Fatiha,fatiha,775.0
Khalid,khalid,770.0
Typhanie,typhanie,770.0
Daphnee,daphnee,770.0
Zahra,zahra,770.0
Loup,loup,770.0
Daisy,daisy,765.0
Trystan,trystan,765.0
Norman,norman,765.0
Tao,tao,765.0
Riad,riad,765.0
Oumar,oumar,765.0
Murat,murat,765.0
Sindy,sindy,765.0
Felicie,felicie,760.0
Ricardo,ricardo,760.0
Kathy,kathy,760.0
Aissatou,aissatou,760.0
Viviane,viviane,755.0
Laurette,laurette,755.0
Zachary,zachary,755.0
Kelyan,kelyan,755.0
Julianne,julianne,755.0
Monia,monia,750.0
Maelie,maelie,750.0
Marie-Anne,marie-anne,750.0
Youssouf,youssouf,750.0
Kaina,kaina,750.0
Pacome,pacome,750.0
Nadine,nadine,750.0
Anthea,anthea,745.0
Emmeline,emmeline,745.0
Omer,omer,745.0
Aissa,aissa,745.0
Cherine,cherine,745.0
Louis-Marie,louis-marie,745.0
Maina,maina,745.0
Joëlle,joelle,745.0
Klara,klara,745.0
Ilhan,ilhan,745.0
Lohan,lohan,745.0
Houda,houda,745.0
Merlin,merlin,745.0
Marthe,marthe,740.0
Sanaa,sanaa,740.0
Ferdinand,ferdinand,740.0
Katy,katy,740.0
Alysson,alysson,740.0
Muhammed,muhammed,740.0
Léo-Paul,leo-paul,740.0
Youna,youna,740.0
Aissata,aissata,740.0
Jacky,jacky,735.0
Rozenn,rozenn,735.0
Lino,lino,730.0
Zeynep,zeynep,730.0
Glenn,glenn,730.0
Hasan,hasan,730.0
Ylan,ylan,730.0
Celya,celya,730.0
Billel,billel,730.0
Nada,nada,730.0
Bernard,bernard,730.0
Dilara,dilara,730.0
Habib,habib,730.0
Debora,debora,725.0
Edith,edith,725.0
Lisa-Marie,lisa-marie,725.0
Corinne,corinne,725.0
Cannelle,cannelle,720.0
Larissa,larissa,720.0
Neo,neo,720.0
Khaled,khaled,720.0
Naila,naila,720.0
Colyne,colyne,715.0
Michèle,michele,715.0
Stefan,stefan,715.0
Gustave,gustave,710.0
Mariame,mariame,710.0
Oumou,oumou,710.0
Wilfrid,wilfrid,710.0
Guillemette,guillemette,710.0
Kilyan,kilyan,710.0
Elona,elona,710.0
Taina,taina,710.0
Aida,aida,705.0
Aziz,aziz,705.0
Fany,fany,705.0
Harry,harry,705.0
Chayma,chayma,705.0
Manal,manal,705.0
Camilia,camilia,705.0
Felicien,felicien,700.0
Toni,toni,700.0
Michelle,michelle,700.0
Stevens,stevens,700.0
Maxine,maxine,700.0
Suzy,suzy,700.0
Sarra,sarra,700.0
Oualid,oualid,695.0
Eda,eda,695.0
Stephan,stephan,695.0
Yaniss,yaniss,695.0
Aristide,aristide,695.0
Leonore,leonore,695.0
Lia,lia,695.0
Annie,annie,695.0
Othman,othman,695.0
Merwan,merwan,690.0
Isis,isis,690.0
Briac,briac,690.0
Noeline,noeline,690.0
Jeff,jeff,685.0
Hasna,hasna,685.0
Latifa,latifa,685.0
Roland,roland,685.0
Maeline,maeline,680.0
Marilyn,marilyn,680.0
Youssra,youssra,680.0
Gwenn,gwenn,680.0
Mayeul,mayeul,680.0
Olympe,olympe,680.0
Dawson,dawson,675.0
Juan,juan,675.0
Jean-Claude,jean-claude,675.0
Hanae,hanae,675.0
Amy,amy,675.0
France,france,675.0
Wael,wael,675.0
Françoise,francoise,670.0
Evelyne,evelyne,670.0
Mendy,mendy,670.0
Anabelle,anabelle,670.0
Katarina,katarina,665.0
Anne-Cécile,anne-cecile,665.0
Magdalena,magdalena,665.0
Nawelle,nawelle,665.0
Lorette,lorette,665.0
Noha,noha,660.0
Elyse,elyse,660.0
Jordi,jordi,660.0
Shirel,shirel,660.0
Salah,salah,660.0
Morane,morane,660.0
Coleen,coleen,660.0
Keny,keny,660.0
Malek,malek,660.0
Theotime,theotime,660.0
Sophian,sophian,660.0
Hocine,hocine,660.0
Anne-Marie,anne-marie,660.0
Sandie,sandie,655.0
Anouchka,anouchka,655.0
Lorenza,lorenza,655.0
Ian,ian,655.0
Alia,alia,655.0
Lenaic,lenaic,655.0
Kiara,kiara,655.0
Madisson,madisson,655.0
Manelle,manelle,655.0
Iness,iness,655.0
Marie-Sophie,marie-sophie,655.0
Colombe,colombe,650.0
Hafsa,hafsa,650.0
Yvann,yvann,650.0
Tanya,tanya,650.0
Cyndie,cyndie,650.0
Karla,karla,650.0
Lubin,lubin,645.0
Anae,anae,645.0
Alexie,alexie,645.0
Gaston,gaston,645.0
Cassie,cassie,645.0
Kellian,kellian,645.0
Anass,anass,645.0
Lyse,lyse,640.0
Calypso,calypso,640.0
Whitney,whitney,640.0
Matt,matt,640.0
Abigail,abigail,640.0
Thérèse,therese,640.0
Abdellah,abdellah,640.0
Claudine,claudine,640.0
Norah,norah,640.0
Hatice,hatice,635.0
Nathanaelle,nathanaelle,635.0
Leia,leia,635.0
Scott,scott,635.0
Nasser,nasser,635.0
Aymane,aymane,635.0
Noham,noham,635.0
Wafa,wafa,635.0
Iban,iban,635.0
Bruce,bruce,635.0
Rita,rita,630.0
Asmaa,asmaa,630.0
Nikola,nikola,630.0
Loana,loana,630.0
Sammy,sammy,630.0
Ianis,ianis,630.0
Elvina,elvina,630.0
Djamila,djamila,630.0
Lylia,lylia,630.0
Sherazade,sherazade,630.0
Youenn,youenn,630.0
Kelvin,kelvin,630.0
Emmie,emmie,625.0
Vinciane,vinciane,625.0
Bouchra,bouchra,625.0
Meghane,meghane,625.0
Crystal,crystal,625.0
Bettina,bettina,625.0
Ruth,ruth,625.0
Sabah,sabah,620.0
Sophiane,sophiane,620.0
Erin,erin,620.0
Mariane,mariane,615.0
Hilal,hilal,615.0
Gillian,gillian,615.0
Naelle,naelle,615.0
Marcel,marcel,615.0
Daryl,daryl,615.0
Assa,assa,615.0
Willem,willem,615.0
Natan,natan,610.0
Souleymane,souleymane,610.0
Fabienne,fabienne,610.0
Gildas,gildas,610.0
Guy,guy,610.0
Lylian,lylian,610.0
Priscilia,priscilia,610.0
Davina,davina,610.0
Samba,samba,610.0
Fabiola,fabiola,605.0
Noella,noella,605.0
Lorna,lorna,605.0
Anouar,anouar,605.0
Ramzi,ramzi,605.0
Leelou,leelou,605.0
Ken,ken,605.0
Joaquim,joaquim,605.0
Rabia,rabia,605.0
Ludmilla,ludmilla,605.0
Theau,theau,605.0
Shanon,shanon,605.0
Abigael,abigael,600.0
Curtis,curtis,600.0
Calista,calista,600.0
Gabriella,gabriella,600.0
Odile,odile,600.0
Kheira,kheira,595.0
Huseyin,huseyin,595.0
Chirine,chirine,595.0
Emilio,emilio,595.0
Anthonin,anthonin,595.0
Flavian,flavian,595.0
Coumba,coumba,590.0
Moustapha,moustapha,590.0
Lindsey,lindsey,590.0
Talia,talia,590.0
Jessim,jessim,590.0
Gaylord,gaylord,590.0
Batiste,batiste,585.0
Renan,renan,585.0
Leah,leah,585.0
Greg,greg,585.0
Jeremi,jeremi,585.0
Philomene,philomene,585.0
Simeon,simeon,585.0
Elvis,elvis,585.0
Savannah,savannah,580.0
Louan,louan,580.0
Mohamed-Ali,mohamed-ali,580.0
Alya,alya,580.0
Osman,osman,580.0
Jean-Sébastien,jean-sebastien,580.0
Jamila,jamila,580.0
Meghan,meghan,580.0
Ben,ben,580.0
Alexa,alexa,575.0
Frederick,frederick,575.0
Pol,pol,575.0
Lassana,lassana,575.0
Jane,jane,575.0
Emine,emine,575.0
Arielle,arielle,575.0
Quitterie,quitterie,575.0
Nastasia,nastasia,575.0
Cylia,cylia,570.0
Meggy,meggy,570.0
Luce,luce,570.0
Suzon,suzon,570.0
Sherine,sherine,570.0
Amalia,amalia,570.0
Melisa,melisa,570.0
Pierre-Henri,pierre-henri,565.0
Theophane,theophane,565.0
Alissia,alissia,565.0
Antoni,antoni,565.0
Tiphany,tiphany,565.0
Sofien,sofien,565.0
Gina,gina,565.0
Malou,malou,560.0
Oliver,oliver,560.0
Robinson,robinson,560.0
Jibril,jibril,560.0
Kamil,kamil,560.0
Jamel,jamel,560.0
Matias,matias,555.0
Aglae,aglae,555.0
Maely,maely,555.0
Elody,elody,555.0
Lamine,lamine,555.0
Gamze,gamze,555.0
Furkan,furkan,555.0
Sekou,sekou,555.0
Steevy,steevy,555.0
Anne-Gaelle,anne-gaelle,555.0
Noellie,noellie,555.0
Paul-Antoine,paul-antoine,555.0
Maxance,maxance,550.0
Doris,doris,550.0
Serkan,serkan,550.0
Jack,jack,550.0
Maiwen,maiwen,550.0
Abraham,abraham,550.0
Okan,okan,550.0
Mohammad,mohammad,550.0
Lotfi,lotfi,550.0
Monica,monica,550.0
Dolores,dolores,550.0
Mahaut,mahaut,550.0
Valeriane,valeriane,550.0
Beverly,beverly,550.0
Bleuenn,bleuenn,550.0
Marcus,marcus,550.0
Pierre-Olivier,pierre-olivier,550.0
Esma,esma,550.0
Nacim,nacim,545.0
Gwenola,gwenola,545.0
Melia,melia,545.0
Onur,onur,545.0
Tifaine,tifaine,545.0
Martine,martine,545.0
Jenifer,jenifer,545.0
Maryse,maryse,545.0
Sinem,sinem,545.0
Sinan,sinan,545.0
Fannie,fannie,545.0
Tomas,tomas,540.0
Ibtissam,ibtissam,540.0
Livio,livio,540.0
Canelle,canelle,540.0
Frank,frank,540.0
Tea,tea,540.0
Noemy,noemy,535.0
Alec,alec,535.0
Alessia,alessia,535.0
Murielle,murielle,535.0
Armel,armel,535.0
Yelena,yelena,535.0
Cassy,cassy,535.0
Jeoffrey,jeoffrey,535.0
Sulyvan,sulyvan,535.0
Baudouin,baudouin,535.0
Gérard,gerard,530.0
Ysaline,ysaline,530.0
Kessy,kessy,530.0
Medhy,medhy,530.0
Sihame,sihame,530.0
Saida,saida,530.0
Betul,betul,525.0
Chelsea,chelsea,525.0
Junior,junior,525.0
Luke,luke,525.0
Imran,imran,525.0
Melisande,melisande,525.0
Enrique,enrique,525.0
Burak,burak,525.0
Liliane,liliane,525.0
Giovanny,giovanny,525.0
Lounes,lounes,525.0
Eddie,eddie,525.0
Kieran,kieran,520.0
Ava,ava,520.0
Rachida,rachida,520.0
Elysa,elysa,520.0
Claudie,claudie,520.0
Yasser,yasser,520.0
Noura,noura,520.0
Yunus,yunus,520.0
Busra,busra,520.0
Ilhem,ilhem,520.0
Rahma,rahma,520.0
Jean-Jacques,jean-jacques,520.0
Pierre-Alexis,pierre-alexis,520.0
Lora,lora,515.0
Maily,maily,515.0
Mariana,mariana,515.0
Charley,charley,515.0
Flavia,flavia,515.0
Pedro,pedro,515.0
Taylor,taylor,515.0
Gaia,gaia,515.0
Ibtissem,ibtissem,515.0
Ayrton,ayrton,515.0
Eren,eren,515.0
Oriana,oriana,515.0
Daniela,daniela,510.0
Tino,tino,510.0
Jamal,jamal,510.0
Aurele,aurele,510.0
Raymond,raymond,510.0
Abigaelle,abigaelle,510.0
Solen,solen,510.0
Delia,delia,510.0
Nolhan,nolhan,510.0
René,rene,505.0
Rami,rami,505.0
Sadio,sadio,505.0
Mathurin,mathurin,505.0
Morad,morad,505.0
Ylona,ylona,505.0
Slimane,slimane,505.0
Nicole,nicole,505.0
Aimée,aimee,505.0
Colline,colline,500.0
Othmane,othmane,500.0
Florianne,florianne,500.0
Kubra,kubra,500.0
Auxane,auxane,500.0
Jad,jad,500.0
Bianca,bianca,500.0
Balthazar,balthazar,500.0
Ebru,ebru,500.0
Blaise,blaise,500.0
Alexine,alexine,500.0
Marie-Claire,marie-claire,500.0
Smain,smain,500.0
Leandro,leandro,500.0
